aa,p.value,p.adjusted,estimate,std.error,conf.low,conf.high,statistic,Ntotal,Ntotal.percent,N(NeuropathDiagnosisConcensus=0),N(NeuropathDiagnosisConcensus=0).percent,N(NeuropathDiagnosisConcensus=1),N(NeuropathDiagnosisConcensus=1).percent
B_9_H,0.059702192074446776,0.17910657622334034,0.48095221785237613,0.388737432487664,0.22180409817916216,1.0239805985587798,-1.8829865400685775,45,18.60%,27,23.28%,18,14.29%
B_9_Y,0.11627098444128775,0.34881295332386325,0.27493850060163966,0.8221008215119845,0.03984187834450293,1.1863794460100057,-1.5706198153731554,111,45.87%,56,48.28%,55,43.65%
B_9_D,0.35899584442260807,1,0.6373769347702439,0.4910103559356868,0.2371549084697874,1.6585623546978387,-0.917280172684382,22,9.09%,12,10.34%,10,7.94%
B_156_W,0.002845482298384738,0.011381929193538951,7.317591637133974,0.6669943027822856,2.2367921527989245,33.24211853862746,2.983955416432209,20,8.26%,3,2.59%,17,13.49%
B_156_R,0.09142183862209777,0.36568735448839107,0.47466410169510825,0.441452770960298,0.19468600321517976,1.1128198148117385,-1.6879447325796861,30,12.40%,18,15.52%,12,9.52%
B_156_L,0.5074459739170438,1,1.3588223126857024,0.46259689305002927,0.5493544382254619,3.4229808020595676,0.6628197954884754,96,39.67%,45,38.79%,51,40.48%
B_156_D,0.738872835262325,1,1.1346299297698703,0.3789048068749067,0.5389812031450504,2.3926102720579117,0.33334637726571203,51,21.07%,23,19.83%,28,22.22%
